hostname,os,enviroment,country,node
LTIRL001,LINUX,Testing,Ireland,1
APIRL001,AIX,Production,Ireland,1
STDEU001,SOLARIS,Testing,Germany,1
SPIRL001,SOLARIS,Production,Ireland,1
HDITA001,HP-UX,Development,Italy,1
SDDEU001,SOLARIS,Development,Germany,1
LTESP001,LINUX,Testing,Spain,1
HPIRL001,HP-UX,Production,Ireland,1
APFRA001,AIX,Production,France,1
STIRL001,SOLARIS,Testing,Ireland,1
LPESP001,LINUX,Production,Spain,1
STESP001,SOLARIS,Testing,Spain,1
LDFRA001,LINUX,Development,France,1
LSDEU001,LINUX,Staging,Germany,1
HTIRL001,HP-UX,Testing,Ireland,1
APDEU001,AIX,Production,Germany,1
ADDEU001,AIX,Development,Germany,1
ASDEU001,AIX,Staging,Germany,1
HTESP001,HP-UX,Testing,Spain,1
SIIRL001,SOLARIS,Integration,Ireland,1
ATESP001,AIX,Testing,Spain,1
LSIRL001,LINUX,Staging,Ireland,1
LSESP001,LINUX,Staging,Spain,1
ATESP002,AIX,Testing,Spain,2
LSNOR001,LINUX,Staging,Norway,1
HPIRL002,HP-UX,Production,Ireland,2
LPDEU001,LINUX,Production,Germany,1
SPESP001,SOLARIS,Production,Spain,1
ATDEU001,AIX,Testing,Germany,1
SSITA001,SOLARIS,Staging,Italy,1
LTDEU001,LINUX,Testing,Germany,1
SPFRA001,SOLARIS,Production,France,1
LSITA001,LINUX,Staging,Italy,1
LPNOR001,LINUX,Production,Norway,1
SPNOR001,SOLARIS,Production,Norway,1
ATIRL001,AIX,Testing,Ireland,1
LPIRL001,LINUX,Production,Ireland,1
SPIRL002,SOLARIS,Production,Ireland,2
STIRL002,SOLARIS,Testing,Ireland,2
SPIRL003,SOLARIS,Production,Ireland,3
LSDEU002,LINUX,Staging,Germany,2
LIIRL001,LINUX,Integration,Ireland,1
LSFRA001,LINUX,Staging,France,1
SPIRL004,SOLARIS,Production,Ireland,4
LTDEU002,LINUX,Testing,Germany,2
SSDEU001,SOLARIS,Staging,Germany,1
ATESP003,AIX,Testing,Spain,3
HPESP001,HP-UX,Production,Spain,1
LIDEU001,LINUX,Integration,Germany,1
APDEU002,AIX,Production,Germany,2
LTNOR001,LINUX,Testing,Norway,1
LIDEU002,LINUX,Integration,Germany,2
ASIRL001,AIX,Staging,Ireland,1
ASFRA001,AIX,Staging,France,1
HTDEU001,HP-UX,Testing,Germany,1
ATNOR001,AIX,Testing,Norway,1
SIFRA001,SOLARIS,Integration,France,1
APIRL002,AIX,Production,Ireland,2
LTDEU003,LINUX,Testing,Germany,3
HDIRL001,HP-UX,Development,Ireland,1
LSIRL002,LINUX,Staging,Ireland,2
LIDEU003,LINUX,Integration,Germany,3
ATIRL002,AIX,Testing,Ireland,2
SDESP001,SOLARIS,Development,Spain,1
LPIRL002,LINUX,Production,Ireland,2
LSITA002,LINUX,Staging,Italy,2
APDEU003,AIX,Production,Germany,3
LTIRL002,LINUX,Testing,Ireland,2
SPDEU001,SOLARIS,Production,Germany,1
HSESP001,HP-UX,Staging,Spain,1
STDEU002,SOLARIS,Testing,Germany,2
STIRL003,SOLARIS,Testing,Ireland,3
APITA001,AIX,Production,Italy,1
STIRL004,SOLARIS,Testing,Ireland,4
LSESP002,LINUX,Staging,Spain,2
SSDEU002,SOLARIS,Staging,Germany,2
STESP002,SOLARIS,Testing,Spain,2
STIRL005,SOLARIS,Testing,Ireland,5
HPIRL003,HP-UX,Production,Ireland,3
SSIRL001,SOLARIS,Staging,Ireland,1
LSESP003,LINUX,Staging,Spain,3
SDFRA001,SOLARIS,Development,France,1
SPIRL005,SOLARIS,Production,Ireland,5
SSDEU003,SOLARIS,Staging,Germany,3
LTIRL003,LINUX,Testing,Ireland,3
APFRA002,AIX,Production,France,2
SDITA001,SOLARIS,Development,Italy,1
LIIRL002,LINUX,Integration,Ireland,2
LTDEU004,LINUX,Testing,Germany,4
APIRL003,AIX,Production,Ireland,3
SSITA002,SOLARIS,Staging,Italy,2
LSNOR002,LINUX,Staging,Norway,2
HPIRL004,HP-UX,Production,Ireland,4
HSIRL001,HP-UX,Staging,Ireland,1
LIESP001,LINUX,Integration,Spain,1
LIIRL003,LINUX,Integration,Ireland,3
LSNOR003,LINUX,Staging,Norway,3
ADDEU002,AIX,Development,Germany,2
SIDEU001,SOLARIS,Integration,Germany,1
STIRL006,SOLARIS,Testing,Ireland,6
LDIRL001,LINUX,Development,Ireland,1
STIRL007,SOLARIS,Testing,Ireland,7
LPESP002,LINUX,Production,Spain,2
LTDEU005,LINUX,Testing,Germany,5
HPIRL005,HP-UX,Production,Ireland,5
LIITA001,LINUX,Integration,Italy,1
LIESP002,LINUX,Integration,Spain,2
LSIRL003,LINUX,Staging,Ireland,3
SIESP001,SOLARIS,Integration,Spain,1
LDDEU001,LINUX,Development,Germany,1
HPITA001,HP-UX,Production,Italy,1
LSESP004,LINUX,Staging,Spain,4
LSITA003,LINUX,Staging,Italy,3
HDITA002,HP-UX,Development,Italy,2
HPFRA001,HP-UX,Production,France,1
LSIRL004,LINUX,Staging,Ireland,4
LSDEU003,LINUX,Staging,Germany,3
LPESP003,LINUX,Production,Spain,3
SPIRL006,SOLARIS,Production,Ireland,6
LINOR001,LINUX,Integration,Norway,1
LPESP004,LINUX,Production,Spain,4
ATDEU002,AIX,Testing,Germany,2
ASNOR001,AIX,Staging,Norway,1
ATFRA001,AIX,Testing,France,1
HIESP001,HP-UX,Integration,Spain,1
LSDEU004,LINUX,Staging,Germany,4
APITA002,AIX,Production,Italy,2
LPIRL003,LINUX,Production,Ireland,3
APESP001,AIX,Production,Spain,1
LSESP005,LINUX,Staging,Spain,5
APESP002,AIX,Production,Spain,2
LDDEU002,LINUX,Development,Germany,2
SSIRL002,SOLARIS,Staging,Ireland,2
APITA003,AIX,Production,Italy,3
LDDEU003,LINUX,Development,Germany,3
SDIRL001,SOLARIS,Development,Ireland,1
HTESP002,HP-UX,Testing,Spain,2
LSDEU005,LINUX,Staging,Germany,5
ASIRL002,AIX,Staging,Ireland,2
LPDEU002,LINUX,Production,Germany,2
HPIRL006,HP-UX,Production,Ireland,6
STESP003,SOLARIS,Testing,Spain,3
LTDEU006,LINUX,Testing,Germany,6
LTESP002,LINUX,Testing,Spain,2
LSIRL005,LINUX,Staging,Ireland,5
LSESP006,LINUX,Staging,Spain,6
SIFRA002,SOLARIS,Integration,France,2
ATDEU003,AIX,Testing,Germany,3
LSIRL006,LINUX,Staging,Ireland,6
LTITA001,LINUX,Testing,Italy,1
HSIRL002,HP-UX,Staging,Ireland,2
LTNOR002,LINUX,Testing,Norway,2
LPIRL004,LINUX,Production,Ireland,4
LPESP005,LINUX,Production,Spain,5
SIIRL002,SOLARIS,Integration,Ireland,2
LPDEU003,LINUX,Production,Germany,3
LPITA001,LINUX,Production,Italy,1
ATDEU004,AIX,Testing,Germany,4
LTIRL004,LINUX,Testing,Ireland,4
SPITA001,SOLARIS,Production,Italy,1
STESP004,SOLARIS,Testing,Spain,4
STFRA001,SOLARIS,Testing,France,1
SSIRL003,SOLARIS,Staging,Ireland,3
ASIRL003,AIX,Staging,Ireland,3
ATDEU005,AIX,Testing,Germany,5
SPESP002,SOLARIS,Production,Spain,2
HPDEU001,HP-UX,Production,Germany,1
HPFRA002,HP-UX,Production,France,2
LSDEU006,LINUX,Staging,Germany,6
LPIRL005,LINUX,Production,Ireland,5
ASFRA002,AIX,Staging,France,2
ATITA001,AIX,Testing,Italy,1
APFRA003,AIX,Production,France,3
SIDEU002,SOLARIS,Integration,Germany,2
STDEU003,SOLARIS,Testing,Germany,3
LSESP007,LINUX,Staging,Spain,7
SSESP001,SOLARIS,Staging,Spain,1
LTIRL005,LINUX,Testing,Ireland,5
LDITA001,LINUX,Development,Italy,1
ATFRA002,AIX,Testing,France,2
SPDEU002,SOLARIS,Production,Germany,2
LPIRL006,LINUX,Production,Ireland,6
HTIRL002,HP-UX,Testing,Ireland,2
LTDEU007,LINUX,Testing,Germany,7
LTESP003,LINUX,Testing,Spain,3
ADNOR001,AIX,Development,Norway,1
HDNOR001,HP-UX,Development,Norway,1
LPIRL007,LINUX,Production,Ireland,7
ATITA002,AIX,Testing,Italy,2
LPDEU004,LINUX,Production,Germany,4
APESP003,AIX,Production,Spain,3
LPIRL008,LINUX,Production,Ireland,8
SPITA002,SOLARIS,Production,Italy,2
SPIRL007,SOLARIS,Production,Ireland,7
LSIRL007,LINUX,Staging,Ireland,7
SSIRL004,SOLARIS,Staging,Ireland,4
LSITA004,LINUX,Staging,Italy,4
HPIRL007,HP-UX,Production,Ireland,7
LSESP008,LINUX,Staging,Spain,8
LPDEU005,LINUX,Production,Germany,5
LPIRL009,LINUX,Production,Ireland,9
LIDEU004,LINUX,Integration,Germany,4
ATESP004,AIX,Testing,Spain,4
LTESP004,LINUX,Testing,Spain,4
ADIRL001,AIX,Development,Ireland,1
LPESP006,LINUX,Production,Spain,6
STDEU004,SOLARIS,Testing,Germany,4
SSIRL005,SOLARIS,Staging,Ireland,5
LTIRL006,LINUX,Testing,Ireland,6
HTDEU002,HP-UX,Testing,Germany,2
SPESP003,SOLARIS,Production,Spain,3
ASNOR002,AIX,Staging,Norway,2
SPNOR002,SOLARIS,Production,Norway,2
LPDEU006,LINUX,Production,Germany,6
SDIRL002,SOLARIS,Development,Ireland,2
ASESP001,AIX,Staging,Spain,1
LIESP003,LINUX,Integration,Spain,3
ATESP005,AIX,Testing,Spain,5
LPITA002,LINUX,Production,Italy,2
LDDEU004,LINUX,Development,Germany,4
SPIRL008,SOLARIS,Production,Ireland,8
APIRL004,AIX,Production,Ireland,4
LDESP001,LINUX,Development,Spain,1
LTIRL007,LINUX,Testing,Ireland,7
LPIRL010,LINUX,Production,Ireland,10
LINOR002,LINUX,Integration,Norway,2
SDDEU002,SOLARIS,Development,Germany,2
SPIRL009,SOLARIS,Production,Ireland,9
LPIRL011,LINUX,Production,Ireland,11
LIDEU005,LINUX,Integration,Germany,5
LTESP005,LINUX,Testing,Spain,5
LDITA002,LINUX,Development,Italy,2
SPIRL010,SOLARIS,Production,Ireland,10
LPDEU007,LINUX,Production,Germany,7
SPITA003,SOLARIS,Production,Italy,3
LSIRL008,LINUX,Staging,Ireland,8
APIRL005,AIX,Production,Ireland,5
LSDEU007,LINUX,Staging,Germany,7
LPESP007,LINUX,Production,Spain,7
SPFRA002,SOLARIS,Production,France,2
STNOR001,SOLARIS,Testing,Norway,1
LDIRL002,LINUX,Development,Ireland,2
LPESP008,LINUX,Production,Spain,8
APDEU004,AIX,Production,Germany,4
SPFRA003,SOLARIS,Production,France,3
STFRA002,SOLARIS,Testing,France,2
SPDEU003,SOLARIS,Production,Germany,3
LPFRA001,LINUX,Production,France,1
LTIRL008,LINUX,Testing,Ireland,8
STDEU005,SOLARIS,Testing,Germany,5
LTESP006,LINUX,Testing,Spain,6
SSDEU004,SOLARIS,Staging,Germany,4
STITA001,SOLARIS,Testing,Italy,1
ASDEU002,AIX,Staging,Germany,2
LSDEU008,LINUX,Staging,Germany,8
STITA002,SOLARIS,Testing,Italy,2
ADFRA001,AIX,Development,France,1
SIESP002,SOLARIS,Integration,Spain,2
ADIRL002,AIX,Development,Ireland,2
APIRL006,AIX,Production,Ireland,6
ASITA001,AIX,Staging,Italy,1
SPESP004,SOLARIS,Production,Spain,4
SPITA004,SOLARIS,Production,Italy,4
LDIRL003,LINUX,Development,Ireland,3
HTIRL003,HP-UX,Testing,Ireland,3
HDDEU001,HP-UX,Development,Germany,1
LTIRL009,LINUX,Testing,Ireland,9
STITA003,SOLARIS,Testing,Italy,3
SSESP002,SOLARIS,Staging,Spain,2
ASFRA003,AIX,Staging,France,3
HSDEU001,HP-UX,Staging,Germany,1
SIIRL003,SOLARIS,Integration,Ireland,3
LSESP009,LINUX,Staging,Spain,9
LPIRL012,LINUX,Production,Ireland,12
SIESP003,SOLARIS,Integration,Spain,3
APIRL007,AIX,Production,Ireland,7
HSIRL003,HP-UX,Staging,Ireland,3
SDNOR001,SOLARIS,Development,Norway,1
LTIRL010,LINUX,Testing,Ireland,10
ASDEU003,AIX,Staging,Germany,3
LSITA005,LINUX,Staging,Italy,5
LDESP002,LINUX,Development,Spain,2
LIIRL004,LINUX,Integration,Ireland,4
LPITA003,LINUX,Production,Italy,3
LPESP009,LINUX,Production,Spain,9
SSIRL006,SOLARIS,Staging,Ireland,6
SPDEU004,SOLARIS,Production,Germany,4
HDIRL002,HP-UX,Development,Ireland,2
HIIRL001,HP-UX,Integration,Ireland,1
LIITA002,LINUX,Integration,Italy,2
SPIRL011,SOLARIS,Production,Ireland,11
LTITA002,LINUX,Testing,Italy,2
LTFRA001,LINUX,Testing,France,1
STFRA003,SOLARIS,Testing,France,3
ASDEU004,AIX,Staging,Germany,4
LTDEU008,LINUX,Testing,Germany,8
LTNOR003,LINUX,Testing,Norway,3
LPITA004,LINUX,Production,Italy,4
HIIRL002,HP-UX,Integration,Ireland,2
SSDEU005,SOLARIS,Staging,Germany,5
HSESP002,HP-UX,Staging,Spain,2
HTIRL004,HP-UX,Testing,Ireland,4
SDITA002,SOLARIS,Development,Italy,2
SDIRL003,SOLARIS,Development,Ireland,3
LPESP010,LINUX,Production,Spain,10
SPFRA004,SOLARIS,Production,France,4
SSDEU006,SOLARIS,Staging,Germany,6
LTESP007,LINUX,Testing,Spain,7
SSDEU007,SOLARIS,Staging,Germany,7
LINOR003,LINUX,Integration,Norway,3
STESP005,SOLARIS,Testing,Spain,5
LPIRL013,LINUX,Production,Ireland,13
HPDEU002,HP-UX,Production,Germany,2
SPIRL012,SOLARIS,Production,Ireland,12
LTNOR004,LINUX,Testing,Norway,4
LPDEU008,LINUX,Production,Germany,8
HPITA002,HP-UX,Production,Italy,2
SSIRL007,SOLARIS,Staging,Ireland,7
APDEU005,AIX,Production,Germany,5
SIDEU003,SOLARIS,Integration,Germany,3
HIDEU001,HP-UX,Integration,Germany,1
LPNOR002,LINUX,Production,Norway,2
LSIRL009,LINUX,Staging,Ireland,9
ATDEU006,AIX,Testing,Germany,6
SPFRA005,SOLARIS,Production,France,5
ADDEU003,AIX,Development,Germany,3
LPFRA002,LINUX,Production,France,2
HPDEU003,HP-UX,Production,Germany,3
LIITA003,LINUX,Integration,Italy,3
ATIRL003,AIX,Testing,Ireland,3
ASIRL004,AIX,Staging,Ireland,4
LPNOR003,LINUX,Production,Norway,3
SSESP003,SOLARIS,Staging,Spain,3
LTDEU009,LINUX,Testing,Germany,9
SPITA005,SOLARIS,Production,Italy,5
LTITA003,LINUX,Testing,Italy,3
APIRL008,AIX,Production,Ireland,8
SPDEU005,SOLARIS,Production,Germany,5
LPIRL014,LINUX,Production,Ireland,14
HSIRL004,HP-UX,Staging,Ireland,4
HSDEU002,HP-UX,Staging,Germany,2
HPESP002,HP-UX,Production,Spain,2
AIIRL001,AIX,Integration,Ireland,1
LPIRL015,LINUX,Production,Ireland,15
LPDEU009,LINUX,Production,Germany,9
AIDEU001,AIX,Integration,Germany,1
STESP006,SOLARIS,Testing,Spain,6
SIITA001,SOLARIS,Integration,Italy,1
LPITA005,LINUX,Production,Italy,5
SSDEU008,SOLARIS,Staging,Germany,8
LTESP008,LINUX,Testing,Spain,8
LTIRL011,LINUX,Testing,Ireland,11
LTNOR005,LINUX,Testing,Norway,5
LSDEU009,LINUX,Staging,Germany,9
LTDEU010,LINUX,Testing,Germany,10
STITA004,SOLARIS,Testing,Italy,4
LPDEU010,LINUX,Production,Germany,10
STNOR002,SOLARIS,Testing,Norway,2
LTESP009,LINUX,Testing,Spain,9
LDIRL004,LINUX,Development,Ireland,4
APITA004,AIX,Production,Italy,4
HPIRL008,HP-UX,Production,Ireland,8
SSDEU009,SOLARIS,Staging,Germany,9
ATIRL004,AIX,Testing,Ireland,4
LPFRA003,LINUX,Production,France,3
ASITA002,AIX,Staging,Italy,2
LPDEU011,LINUX,Production,Germany,11
LSNOR004,LINUX,Staging,Norway,4
LSIRL010,LINUX,Staging,Ireland,10
STDEU006,SOLARIS,Testing,Germany,6
LPIRL016,LINUX,Production,Ireland,16
SDIRL004,SOLARIS,Development,Ireland,4
LTIRL012,LINUX,Testing,Ireland,12
STFRA004,SOLARIS,Testing,France,4
HPESP003,HP-UX,Production,Spain,3
LIIRL005,LINUX,Integration,Ireland,5
LDFRA002,LINUX,Development,France,2
STIRL008,SOLARIS,Testing,Ireland,8
ADIRL003,AIX,Development,Ireland,3
SIITA002,SOLARIS,Integration,Italy,2
LDIRL005,LINUX,Development,Ireland,5
LTIRL013,LINUX,Testing,Ireland,13
LDDEU005,LINUX,Development,Germany,5
LSIRL011,LINUX,Staging,Ireland,11
LIDEU006,LINUX,Integration,Germany,6
LIFRA001,LINUX,Integration,France,1
SSDEU010,SOLARIS,Staging,Germany,10
LTIRL014,LINUX,Testing,Ireland,14
HTIRL005,HP-UX,Testing,Ireland,5
LSIRL012,LINUX,Staging,Ireland,12
ATIRL005,AIX,Testing,Ireland,5
LPIRL017,LINUX,Production,Ireland,17
HSIRL005,HP-UX,Staging,Ireland,5
HPITA003,HP-UX,Production,Italy,3
SPDEU006,SOLARIS,Production,Germany,6
LSIRL013,LINUX,Staging,Ireland,13
LSITA006,LINUX,Staging,Italy,6
APIRL009,AIX,Production,Ireland,9
SIDEU004,SOLARIS,Integration,Germany,4
STITA005,SOLARIS,Testing,Italy,5
LINOR004,LINUX,Integration,Norway,4
LPDEU012,LINUX,Production,Germany,12
SSDEU011,SOLARIS,Staging,Germany,11
HPITA004,HP-UX,Production,Italy,4
STITA006,SOLARIS,Testing,Italy,6
APDEU006,AIX,Production,Germany,6
LSNOR005,LINUX,Staging,Norway,5
LDIRL006,LINUX,Development,Ireland,6
APESP004,AIX,Production,Spain,4
LSIRL014,LINUX,Staging,Ireland,14
SDESP002,SOLARIS,Development,Spain,2
AIITA001,AIX,Integration,Italy,1
ASIRL005,AIX,Staging,Ireland,5
APESP005,AIX,Production,Spain,5
LTDEU011,LINUX,Testing,Germany,11
HSDEU003,HP-UX,Staging,Germany,3
LPDEU013,LINUX,Production,Germany,13
APNOR001,AIX,Production,Norway,1
ASNOR003,AIX,Staging,Norway,3
SPFRA006,SOLARIS,Production,France,6
LDIRL007,LINUX,Development,Ireland,7
LPIRL018,LINUX,Production,Ireland,18
SPIRL013,SOLARIS,Production,Ireland,13
STIRL009,SOLARIS,Testing,Ireland,9
LSFRA002,LINUX,Staging,France,2
LSIRL015,LINUX,Staging,Ireland,15
AIESP001,AIX,Integration,Spain,1
SPITA006,SOLARIS,Production,Italy,6
HSIRL006,HP-UX,Staging,Ireland,6
STDEU007,SOLARIS,Testing,Germany,7
APIRL010,AIX,Production,Ireland,10
LSIRL016,LINUX,Staging,Ireland,16
LPDEU014,LINUX,Production,Germany,14
ADFRA002,AIX,Development,France,2
LIESP004,LINUX,Integration,Spain,4
LTITA004,LINUX,Testing,Italy,4
ATIRL006,AIX,Testing,Ireland,6
LTITA005,LINUX,Testing,Italy,5
SSFRA001,SOLARIS,Staging,France,1
SSDEU012,SOLARIS,Staging,Germany,12
LPFRA004,LINUX,Production,France,4
STDEU008,SOLARIS,Testing,Germany,8
ATFRA003,AIX,Testing,France,3
LTDEU012,LINUX,Testing,Germany,12
HPITA005,HP-UX,Production,Italy,5
HSITA001,HP-UX,Staging,Italy,1
LIDEU007,LINUX,Integration,Germany,7
LPDEU015,LINUX,Production,Germany,15
LTITA006,LINUX,Testing,Italy,6
SSDEU013,SOLARIS,Staging,Germany,13
SPESP005,SOLARIS,Production,Spain,5
LTIRL015,LINUX,Testing,Ireland,15
SPESP006,SOLARIS,Production,Spain,6
SIDEU005,SOLARIS,Integration,Germany,5
LSDEU010,LINUX,Staging,Germany,10
SPDEU007,SOLARIS,Production,Germany,7
ATESP006,AIX,Testing,Spain,6
HTNOR001,HP-UX,Testing,Norway,1
SIIRL004,SOLARIS,Integration,Ireland,4
LPFRA005,LINUX,Production,France,5
AINOR001,AIX,Integration,Norway,1
LTIRL016,LINUX,Testing,Ireland,16
SSDEU014,SOLARIS,Staging,Germany,14
SDNOR002,SOLARIS,Development,Norway,2
LPIRL019,LINUX,Production,Ireland,19
AIIRL002,AIX,Integration,Ireland,2
LSDEU011,LINUX,Staging,Germany,11
LTITA007,LINUX,Testing,Italy,7
HSIRL007,HP-UX,Staging,Ireland,7
SSFRA002,SOLARIS,Staging,France,2
ADIRL004,AIX,Development,Ireland,4
LTNOR006,LINUX,Testing,Norway,6
LTIRL017,LINUX,Testing,Ireland,17
SPESP007,SOLARIS,Production,Spain,7
LSITA007,LINUX,Staging,Italy,7
LTIRL018,LINUX,Testing,Ireland,18
STIRL010,SOLARIS,Testing,Ireland,10
LPESP011,LINUX,Production,Spain,11
SIFRA003,SOLARIS,Integration,France,3
AIIRL003,AIX,Integration,Ireland,3
SIDEU006,SOLARIS,Integration,Germany,6
LTDEU013,LINUX,Testing,Germany,13
HSIRL008,HP-UX,Staging,Ireland,8
LPIRL020,LINUX,Production,Ireland,20
LSFRA003,LINUX,Staging,France,3
LSESP010,LINUX,Staging,Spain,10
LTDEU014,LINUX,Testing,Germany,14
APITA005,AIX,Production,Italy,5
HDDEU002,HP-UX,Development,Germany,2
HIDEU002,HP-UX,Integration,Germany,2
SIDEU007,SOLARIS,Integration,Germany,7
STITA007,SOLARIS,Testing,Italy,7
SPITA007,SOLARIS,Production,Italy,7
SPNOR003,SOLARIS,Production,Norway,3
ATESP007,AIX,Testing,Spain,7
HSITA002,HP-UX,Staging,Italy,2
LSDEU012,LINUX,Staging,Germany,12
ATFRA004,AIX,Testing,France,4
ASESP002,AIX,Staging,Spain,2
LSIRL017,LINUX,Staging,Ireland,17
HSIRL009,HP-UX,Staging,Ireland,9
ATDEU007,AIX,Testing,Germany,7
LPDEU016,LINUX,Production,Germany,16
LSIRL018,LINUX,Staging,Ireland,18
ATESP008,AIX,Testing,Spain,8
HPNOR001,HP-UX,Production,Norway,1
APESP006,AIX,Production,Spain,6
LSIRL019,LINUX,Staging,Ireland,19
HDIRL003,HP-UX,Development,Ireland,3
LPIRL021,LINUX,Production,Ireland,21
LTDEU015,LINUX,Testing,Germany,15
LSFRA004,LINUX,Staging,France,4
STFRA005,SOLARIS,Testing,France,5
LPITA006,LINUX,Production,Italy,6
LPITA007,LINUX,Production,Italy,7
SIIRL005,SOLARIS,Integration,Ireland,5
LSESP011,LINUX,Staging,Spain,11
STDEU009,SOLARIS,Testing,Germany,9
APDEU007,AIX,Production,Germany,7
HPIRL009,HP-UX,Production,Ireland,9
LDIRL008,LINUX,Development,Ireland,8
LIESP005,LINUX,Integration,Spain,5
HPFRA003,HP-UX,Production,France,3
ATIRL007,AIX,Testing,Ireland,7
ADFRA003,AIX,Development,France,3
HDIRL004,HP-UX,Development,Ireland,4
APDEU008,AIX,Production,Germany,8
SPDEU008,SOLARIS,Production,Germany,8
LTIRL019,LINUX,Testing,Ireland,19
APDEU009,AIX,Production,Germany,9
ADFRA004,AIX,Development,France,4
APFRA004,AIX,Production,France,4
LDESP003,LINUX,Development,Spain,3
ASIRL006,AIX,Staging,Ireland,6
LDFRA003,LINUX,Development,France,3
ASDEU005,AIX,Staging,Germany,5
ADFRA005,AIX,Development,France,5
STFRA006,SOLARIS,Testing,France,6
SSITA003,SOLARIS,Staging,Italy,3
HSESP003,HP-UX,Staging,Spain,3
ATESP009,AIX,Testing,Spain,9
SSFRA003,SOLARIS,Staging,France,3
AIDEU002,AIX,Integration,Germany,2
LTDEU016,LINUX,Testing,Germany,16
ADIRL005,AIX,Development,Ireland,5
SPIRL014,SOLARIS,Production,Ireland,14
LPNOR004,LINUX,Production,Norway,4
HTITA001,HP-UX,Testing,Italy,1
HTDEU003,HP-UX,Testing,Germany,3
LIIRL006,LINUX,Integration,Ireland,6
SDDEU003,SOLARIS,Development,Germany,3
SPDEU009,SOLARIS,Production,Germany,9
ATESP010,AIX,Testing,Spain,10
STESP007,SOLARIS,Testing,Spain,7
LTDEU017,LINUX,Testing,Germany,17
HTESP003,HP-UX,Testing,Spain,3
HTITA002,HP-UX,Testing,Italy,2
SPNOR004,SOLARIS,Production,Norway,4
LDDEU006,LINUX,Development,Germany,6
AIIRL004,AIX,Integration,Ireland,4
LDIRL009,LINUX,Development,Ireland,9
LPESP012,LINUX,Production,Spain,12
LTESP010,LINUX,Testing,Spain,10
ASIRL007,AIX,Staging,Ireland,7
STIRL011,SOLARIS,Testing,Ireland,11
LPFRA006,LINUX,Production,France,6
LDITA003,LINUX,Development,Italy,3
LDITA004,LINUX,Development,Italy,4
LIIRL007,LINUX,Integration,Ireland,7
LPIRL022,LINUX,Production,Ireland,22
SIITA003,SOLARIS,Integration,Italy,3
AINOR002,AIX,Integration,Norway,2
STFRA007,SOLARIS,Testing,France,7
SPIRL015,SOLARIS,Production,Ireland,15
LPESP013,LINUX,Production,Spain,13
APFRA005,AIX,Production,France,5
LSDEU013,LINUX,Staging,Germany,13
SIDEU008,SOLARIS,Integration,Germany,8
HINOR001,HP-UX,Integration,Norway,1
LPIRL023,LINUX,Production,Ireland,23
STIRL012,SOLARIS,Testing,Ireland,12
HPFRA004,HP-UX,Production,France,4
LSESP012,LINUX,Staging,Spain,12
SDDEU004,SOLARIS,Development,Germany,4
LIIRL008,LINUX,Integration,Ireland,8
SPNOR005,SOLARIS,Production,Norway,5
LPESP014,LINUX,Production,Spain,14
LIIRL009,LINUX,Integration,Ireland,9
LPDEU017,LINUX,Production,Germany,17
SPITA008,SOLARIS,Production,Italy,8
LPDEU018,LINUX,Production,Germany,18
APIRL011,AIX,Production,Ireland,11
HIFRA001,HP-UX,Integration,France,1
STFRA008,SOLARIS,Testing,France,8
SPDEU010,SOLARIS,Production,Germany,10
LDNOR001,LINUX,Development,Norway,1
SIIRL006,SOLARIS,Integration,Ireland,6
STESP008,SOLARIS,Testing,Spain,8
LTESP011,LINUX,Testing,Spain,11
SSIRL008,SOLARIS,Staging,Ireland,8
HTIRL006,HP-UX,Testing,Ireland,6
HTDEU004,HP-UX,Testing,Germany,4
HIIRL003,HP-UX,Integration,Ireland,3
SSDEU015,SOLARIS,Staging,Germany,15
ATDEU008,AIX,Testing,Germany,8
APNOR002,AIX,Production,Norway,2
LTESP012,LINUX,Testing,Spain,12
SPESP008,SOLARIS,Production,Spain,8
AIDEU003,AIX,Integration,Germany,3
LTFRA002,LINUX,Testing,France,2
APESP007,AIX,Production,Spain,7
SPIRL016,SOLARIS,Production,Ireland,16
SPIRL017,SOLARIS,Production,Ireland,17
APNOR003,AIX,Production,Norway,3
LDITA005,LINUX,Development,Italy,5
SPDEU011,SOLARIS,Production,Germany,11
LPITA008,LINUX,Production,Italy,8
LPIRL024,LINUX,Production,Ireland,24
STESP009,SOLARIS,Testing,Spain,9
LTDEU018,LINUX,Testing,Germany,18
LPIRL025,LINUX,Production,Ireland,25
HTITA003,HP-UX,Testing,Italy,3
STDEU010,SOLARIS,Testing,Germany,10
LSIRL020,LINUX,Staging,Ireland,20
LTESP013,LINUX,Testing,Spain,13
SIIRL007,SOLARIS,Integration,Ireland,7
LSIRL021,LINUX,Staging,Ireland,21
LPFRA007,LINUX,Production,France,7
SDESP003,SOLARIS,Development,Spain,3
LIIRL010,LINUX,Integration,Ireland,10
LSITA008,LINUX,Staging,Italy,8
STIRL013,SOLARIS,Testing,Ireland,13
HIESP002,HP-UX,Integration,Spain,2
LTESP014,LINUX,Testing,Spain,14
APIRL012,AIX,Production,Ireland,12
LIIRL011,LINUX,Integration,Ireland,11
STDEU011,SOLARIS,Testing,Germany,11
SSFRA004,SOLARIS,Staging,France,4
LSESP013,LINUX,Staging,Spain,13
APIRL013,AIX,Production,Ireland,13
LIITA004,LINUX,Integration,Italy,4
ADESP001,AIX,Development,Spain,1
STNOR003,SOLARIS,Testing,Norway,3
SPESP009,SOLARIS,Production,Spain,9
SSITA004,SOLARIS,Staging,Italy,4
LSIRL022,LINUX,Staging,Ireland,22
APDEU010,AIX,Production,Germany,10
LTESP015,LINUX,Testing,Spain,15
APITA006,AIX,Production,Italy,6
HPNOR002,HP-UX,Production,Norway,2
HPIRL010,HP-UX,Production,Ireland,10
SPIRL018,SOLARIS,Production,Ireland,18
LPFRA008,LINUX,Production,France,8
SPDEU012,SOLARIS,Production,Germany,12
LPDEU019,LINUX,Production,Germany,19
SPDEU013,SOLARIS,Production,Germany,13
ATITA003,AIX,Testing,Italy,3
STESP010,SOLARIS,Testing,Spain,10
ADNOR002,AIX,Development,Norway,2
SPDEU014,SOLARIS,Production,Germany,14
STNOR004,SOLARIS,Testing,Norway,4
ATIRL008,AIX,Testing,Ireland,8
LSIRL023,LINUX,Staging,Ireland,23
SSIRL009,SOLARIS,Staging,Ireland,9
APDEU011,AIX,Production,Germany,11
STITA008,SOLARIS,Testing,Italy,8
LIIRL012,LINUX,Integration,Ireland,12
LDIRL010,LINUX,Development,Ireland,10
LPIRL026,LINUX,Production,Ireland,26
LIFRA002,LINUX,Integration,France,2
APDEU012,AIX,Production,Germany,12
SPITA009,SOLARIS,Production,Italy,9
SPIRL019,SOLARIS,Production,Ireland,19
LPIRL027,LINUX,Production,Ireland,27
ASESP003,AIX,Staging,Spain,3
LTIRL020,LINUX,Testing,Ireland,20
STITA009,SOLARIS,Testing,Italy,9
LTIRL021,LINUX,Testing,Ireland,21
STNOR005,SOLARIS,Testing,Norway,5
STIRL014,SOLARIS,Testing,Ireland,14
HSDEU004,HP-UX,Staging,Germany,4
HPIRL011,HP-UX,Production,Ireland,11
ASNOR004,AIX,Staging,Norway,4
SPITA010,SOLARIS,Production,Italy,10
SSESP004,SOLARIS,Staging,Spain,4
ASIRL008,AIX,Staging,Ireland,8
LIESP006,LINUX,Integration,Spain,6
LTDEU019,LINUX,Testing,Germany,19
LSDEU014,LINUX,Staging,Germany,14
ASDEU006,AIX,Staging,Germany,6
LPNOR005,LINUX,Production,Norway,5
SDESP004,SOLARIS,Development,Spain,4
LPIRL028,LINUX,Production,Ireland,28
LIDEU008,LINUX,Integration,Germany,8
HPIRL012,HP-UX,Production,Ireland,12
SIIRL008,SOLARIS,Integration,Ireland,8
AIFRA001,AIX,Integration,France,1
ASITA003,AIX,Staging,Italy,3
LSIRL024,LINUX,Staging,Ireland,24
HTIRL007,HP-UX,Testing,Ireland,7
LTFRA003,LINUX,Testing,France,3
HIDEU003,HP-UX,Integration,Germany,3
LPIRL029,LINUX,Production,Ireland,29
LPITA009,LINUX,Production,Italy,9
LSIRL025,LINUX,Staging,Ireland,25
LTIRL022,LINUX,Testing,Ireland,22
LSDEU015,LINUX,Staging,Germany,15
HSESP004,HP-UX,Staging,Spain,4
ATIRL009,AIX,Testing,Ireland,9
LPIRL030,LINUX,Production,Ireland,30
SPIRL020,SOLARIS,Production,Ireland,20
LSITA009,LINUX,Staging,Italy,9
LSIRL026,LINUX,Staging,Ireland,26
SPNOR006,SOLARIS,Production,Norway,6
HSESP005,HP-UX,Staging,Spain,5
SSITA005,SOLARIS,Staging,Italy,5
ASIRL009,AIX,Staging,Ireland,9
SSESP005,SOLARIS,Staging,Spain,5
LSIRL027,LINUX,Staging,Ireland,27
SDDEU005,SOLARIS,Development,Germany,5
STITA010,SOLARIS,Testing,Italy,10
LPDEU020,LINUX,Production,Germany,20
LTIRL023,LINUX,Testing,Ireland,23
ASESP004,AIX,Staging,Spain,4
STDEU012,SOLARIS,Testing,Germany,12
APIRL014,AIX,Production,Ireland,14
ASESP005,AIX,Staging,Spain,5
LPIRL031,LINUX,Production,Ireland,31
LSESP014,LINUX,Staging,Spain,14
SSESP006,SOLARIS,Staging,Spain,6
LPDEU021,LINUX,Production,Germany,21
SDITA003,SOLARIS,Development,Italy,3
HSDEU005,HP-UX,Staging,Germany,5
ATIRL010,AIX,Testing,Ireland,10
ADDEU004,AIX,Development,Germany,4
LTIRL024,LINUX,Testing,Ireland,24
LPDEU022,LINUX,Production,Germany,22
LSDEU016,LINUX,Staging,Germany,16
HSIRL010,HP-UX,Staging,Ireland,10
SPNOR007,SOLARIS,Production,Norway,7
LDNOR002,LINUX,Development,Norway,2
LDITA006,LINUX,Development,Italy,6
STIRL015,SOLARIS,Testing,Ireland,15
LPDEU023,LINUX,Production,Germany,23
SPFRA007,SOLARIS,Production,France,7
SPESP010,SOLARIS,Production,Spain,10
APESP008,AIX,Production,Spain,8
SSDEU016,SOLARIS,Staging,Germany,16
HSESP006,HP-UX,Staging,Spain,6
SSIRL010,SOLARIS,Staging,Ireland,10
SIDEU009,SOLARIS,Integration,Germany,9
AIIRL005,AIX,Integration,Ireland,5
SPDEU015,SOLARIS,Production,Germany,15
ASITA004,AIX,Staging,Italy,4
LPFRA009,LINUX,Production,France,9
HPDEU004,HP-UX,Production,Germany,4
SDESP005,SOLARIS,Development,Spain,5
LIDEU009,LINUX,Integration,Germany,9
LPESP015,LINUX,Production,Spain,15
SSIRL011,SOLARIS,Staging,Ireland,11
LSIRL028,LINUX,Staging,Ireland,28
STIRL016,SOLARIS,Testing,Ireland,16
SPDEU016,SOLARIS,Production,Germany,16
HTESP004,HP-UX,Testing,Spain,4
SPIRL021,SOLARIS,Production,Ireland,21
ASIRL010,AIX,Staging,Ireland,10
HTESP005,HP-UX,Testing,Spain,5
LDESP004,LINUX,Development,Spain,4
LIESP007,LINUX,Integration,Spain,7
SIITA004,SOLARIS,Integration,Italy,4
LPDEU024,LINUX,Production,Germany,24
APIRL015,AIX,Production,Ireland,15
LTDEU020,LINUX,Testing,Germany,20
LDIRL011,LINUX,Development,Ireland,11
LSESP015,LINUX,Staging,Spain,15
LPIRL032,LINUX,Production,Ireland,32
SPIRL022,SOLARIS,Production,Ireland,22
HPDEU005,HP-UX,Production,Germany,5
LTDEU021,LINUX,Testing,Germany,21
HSIRL011,HP-UX,Staging,Ireland,11
SPIRL023,SOLARIS,Production,Ireland,23
LPFRA010,LINUX,Production,France,10
STESP011,SOLARIS,Testing,Spain,11
STFRA009,SOLARIS,Testing,France,9
APFRA006,AIX,Production,France,6
LIIRL013,LINUX,Integration,Ireland,13
ASNOR005,AIX,Staging,Norway,5
ASIRL011,AIX,Staging,Ireland,11
LPIRL033,LINUX,Production,Ireland,33
AIESP002,AIX,Integration,Spain,2
LPIRL034,LINUX,Production,Ireland,34
LTESP016,LINUX,Testing,Spain,16
LTESP017,LINUX,Testing,Spain,17
LDNOR003,LINUX,Development,Norway,3
SSFRA005,SOLARIS,Staging,France,5
LSIRL029,LINUX,Staging,Ireland,29
HSDEU006,HP-UX,Staging,Germany,6
LTITA008,LINUX,Testing,Italy,8
STFRA010,SOLARIS,Testing,France,10
ATESP011,AIX,Testing,Spain,11
ATIRL011,AIX,Testing,Ireland,11
SPIRL024,SOLARIS,Production,Ireland,24
SSITA006,SOLARIS,Staging,Italy,6
LTESP018,LINUX,Testing,Spain,18
LPIRL035,LINUX,Production,Ireland,35
ASDEU007,AIX,Staging,Germany,7
SSESP007,SOLARIS,Staging,Spain,7
LSDEU017,LINUX,Staging,Germany,17
SPIRL025,SOLARIS,Production,Ireland,25
ADDEU005,AIX,Development,Germany,5
HTDEU005,HP-UX,Testing,Germany,5
LDDEU007,LINUX,Development,Germany,7
LPFRA011,LINUX,Production,France,11
APDEU013,AIX,Production,Germany,13
HSIRL012,HP-UX,Staging,Ireland,12
APESP009,AIX,Production,Spain,9
LTIRL025,LINUX,Testing,Ireland,25
SSDEU017,SOLARIS,Staging,Germany,17
STIRL017,SOLARIS,Testing,Ireland,17
LSIRL030,LINUX,Staging,Ireland,30
STDEU013,SOLARIS,Testing,Germany,13
ATIRL012,AIX,Testing,Ireland,12
SSESP008,SOLARIS,Staging,Spain,8
ATIRL013,AIX,Testing,Ireland,13
APDEU014,AIX,Production,Germany,14
HSDEU007,HP-UX,Staging,Germany,7
APDEU015,AIX,Production,Germany,15
LSESP016,LINUX,Staging,Spain,16
LTDEU022,LINUX,Testing,Germany,22
LIIRL014,LINUX,Integration,Ireland,14
LPFRA012,LINUX,Production,France,12
STFRA011,SOLARIS,Testing,France,11
HPDEU006,HP-UX,Production,Germany,6
SSDEU018,SOLARIS,Staging,Germany,18
HTIRL008,HP-UX,Testing,Ireland,8
LTITA009,LINUX,Testing,Italy,9
HSIRL013,HP-UX,Staging,Ireland,13
HPESP004,HP-UX,Production,Spain,4
ATESP012,AIX,Testing,Spain,12
SPFRA008,SOLARIS,Production,France,8
SSITA007,SOLARIS,Staging,Italy,7
LTITA010,LINUX,Testing,Italy,10
LSIRL031,LINUX,Staging,Ireland,31
ASIRL012,AIX,Staging,Ireland,12
STITA011,SOLARIS,Testing,Italy,11
LIIRL015,LINUX,Integration,Ireland,15
STESP012,SOLARIS,Testing,Spain,12
LSITA010,LINUX,Staging,Italy,10
APESP010,AIX,Production,Spain,10
LIDEU010,LINUX,Integration,Germany,10
LDESP005,LINUX,Development,Spain,5
LPDEU025,LINUX,Production,Germany,25
LPESP016,LINUX,Production,Spain,16
LDIRL012,LINUX,Development,Ireland,12
AIITA002,AIX,Integration,Italy,2
ATIRL014,AIX,Testing,Ireland,14
SPESP011,SOLARIS,Production,Spain,11
LSITA011,LINUX,Staging,Italy,11
HTIRL009,HP-UX,Testing,Ireland,9
ATESP013,AIX,Testing,Spain,13
HDIRL005,HP-UX,Development,Ireland,5
STDEU014,SOLARIS,Testing,Germany,14
STIRL018,SOLARIS,Testing,Ireland,18
STIRL019,SOLARIS,Testing,Ireland,19
ATIRL015,AIX,Testing,Ireland,15
AIESP003,AIX,Integration,Spain,3
ASIRL013,AIX,Staging,Ireland,13
ATDEU009,AIX,Testing,Germany,9
LSNOR006,LINUX,Staging,Norway,6
STFRA012,SOLARIS,Testing,France,12
ASITA005,AIX,Staging,Italy,5
SDDEU006,SOLARIS,Development,Germany,6
SPNOR008,SOLARIS,Production,Norway,8
SIIRL009,SOLARIS,Integration,Ireland,9
APDEU016,AIX,Production,Germany,16
SIFRA004,SOLARIS,Integration,France,4
LIDEU011,LINUX,Integration,Germany,11
LSFRA005,LINUX,Staging,France,5
SIDEU010,SOLARIS,Integration,Germany,10
STESP013,SOLARIS,Testing,Spain,13
HTESP006,HP-UX,Testing,Spain,6
SPIRL026,SOLARIS,Production,Ireland,26
HPIRL013,HP-UX,Production,Ireland,13
LTESP019,LINUX,Testing,Spain,19
APFRA007,AIX,Production,France,7
LTIRL026,LINUX,Testing,Ireland,26
SPITA011,SOLARIS,Production,Italy,11
LDIRL013,LINUX,Development,Ireland,13
LDDEU008,LINUX,Development,Germany,8
LIITA005,LINUX,Integration,Italy,5
LSFRA006,LINUX,Staging,France,6
LTDEU023,LINUX,Testing,Germany,23
SPDEU017,SOLARIS,Production,Germany,17
HDFRA001,HP-UX,Development,France,1
LIESP008,LINUX,Integration,Spain,8
AIDEU004,AIX,Integration,Germany,4
LPESP017,LINUX,Production,Spain,17
ASNOR006,AIX,Staging,Norway,6
APNOR004,AIX,Production,Norway,4
SSESP009,SOLARIS,Staging,Spain,9
LPITA010,LINUX,Production,Italy,10
HIDEU004,HP-UX,Integration,Germany,4
APIRL016,AIX,Production,Ireland,16
LPESP018,LINUX,Production,Spain,18
HPDEU007,HP-UX,Production,Germany,7
LPIRL036,LINUX,Production,Ireland,36
LSDEU018,LINUX,Staging,Germany,18
ADESP002,AIX,Development,Spain,2
LPESP019,LINUX,Production,Spain,19
SDDEU007,SOLARIS,Development,Germany,7
HPDEU008,HP-UX,Production,Germany,8
SDDEU008,SOLARIS,Development,Germany,8
LDITA007,LINUX,Development,Italy,7
ASIRL014,AIX,Staging,Ireland,14
SDIRL005,SOLARIS,Development,Ireland,5
LPIRL037,LINUX,Production,Ireland,37
LTIRL027,LINUX,Testing,Ireland,27
LSIRL032,LINUX,Staging,Ireland,32
LPITA011,LINUX,Production,Italy,11
SPDEU018,SOLARIS,Production,Germany,18
HSITA003,HP-UX,Staging,Italy,3
SPITA012,SOLARIS,Production,Italy,12
SIESP004,SOLARIS,Integration,Spain,4
LSDEU019,LINUX,Staging,Germany,19
SPIRL027,SOLARIS,Production,Ireland,27
LPIRL038,LINUX,Production,Ireland,38
SPESP012,SOLARIS,Production,Spain,12
HSNOR001,HP-UX,Staging,Norway,1
SPIRL028,SOLARIS,Production,Ireland,28
LSIRL033,LINUX,Staging,Ireland,33
STIRL020,SOLARIS,Testing,Ireland,20
LIITA006,LINUX,Integration,Italy,6
LIITA007,LINUX,Integration,Italy,7
SSITA008,SOLARIS,Staging,Italy,8
LSESP017,LINUX,Staging,Spain,17
LPIRL039,LINUX,Production,Ireland,39
HINOR002,HP-UX,Integration,Norway,2
SPIRL029,SOLARIS,Production,Ireland,29
ATITA004,AIX,Testing,Italy,4
AIDEU005,AIX,Integration,Germany,5
LPDEU026,LINUX,Production,Germany,26
SDESP006,SOLARIS,Development,Spain,6
LPIRL040,LINUX,Production,Ireland,40
APDEU017,AIX,Production,Germany,17
SIITA005,SOLARIS,Integration,Italy,5
LPDEU027,LINUX,Production,Germany,27
LSIRL034,LINUX,Staging,Ireland,34
SPIRL030,SOLARIS,Production,Ireland,30
APIRL017,AIX,Production,Ireland,17
AINOR003,AIX,Integration,Norway,3
AIITA003,AIX,Integration,Italy,3
ASNOR007,AIX,Staging,Norway,7
LPIRL041,LINUX,Production,Ireland,41
SSESP010,SOLARIS,Staging,Spain,10
HSIRL014,HP-UX,Staging,Ireland,14
SPIRL031,SOLARIS,Production,Ireland,31
AINOR004,AIX,Integration,Norway,4
SIDEU011,SOLARIS,Integration,Germany,11
LTIRL028,LINUX,Testing,Ireland,28
LDESP006,LINUX,Development,Spain,6
SSNOR001,SOLARIS,Staging,Norway,1
SSFRA006,SOLARIS,Staging,France,6
LDIRL014,LINUX,Development,Ireland,14
LTIRL029,LINUX,Testing,Ireland,29
LPDEU028,LINUX,Production,Germany,28
SPIRL032,SOLARIS,Production,Ireland,32
LSESP018,LINUX,Staging,Spain,18
ASIRL015,AIX,Staging,Ireland,15
APDEU018,AIX,Production,Germany,18
LPIRL042,LINUX,Production,Ireland,42
LTFRA004,LINUX,Testing,France,4
SIITA006,SOLARIS,Integration,Italy,6
SDNOR003,SOLARIS,Development,Norway,3
APIRL018,AIX,Production,Ireland,18
SPESP013,SOLARIS,Production,Spain,13
LPESP020,LINUX,Production,Spain,20
ATIRL016,AIX,Testing,Ireland,16
APIRL019,AIX,Production,Ireland,19
LPESP021,LINUX,Production,Spain,21
ASIRL016,AIX,Staging,Ireland,16
SIIRL010,SOLARIS,Integration,Ireland,10
LSIRL035,LINUX,Staging,Ireland,35
LDDEU009,LINUX,Development,Germany,9
ASFRA004,AIX,Staging,France,4
LPFRA013,LINUX,Production,France,13
HSIRL015,HP-UX,Staging,Ireland,15
LSITA012,LINUX,Staging,Italy,12
LINOR005,LINUX,Integration,Norway,5
SDITA004,SOLARIS,Development,Italy,4
LPITA012,LINUX,Production,Italy,12
LPIRL043,LINUX,Production,Ireland,43
LPDEU029,LINUX,Production,Germany,29
SPESP014,SOLARIS,Production,Spain,14
LSIRL036,LINUX,Staging,Ireland,36
HSESP007,HP-UX,Staging,Spain,7
APNOR005,AIX,Production,Norway,5
ATIRL017,AIX,Testing,Ireland,17
LPITA013,LINUX,Production,Italy,13
LDIRL015,LINUX,Development,Ireland,15
LPDEU030,LINUX,Production,Germany,30
LTESP020,LINUX,Testing,Spain,20
LIFRA003,LINUX,Integration,France,3
STESP014,SOLARIS,Testing,Spain,14
SDIRL006,SOLARIS,Development,Ireland,6
ASDEU008,AIX,Staging,Germany,8
LTIRL030,LINUX,Testing,Ireland,30
LPNOR006,LINUX,Production,Norway,6
LSDEU020,LINUX,Staging,Germany,20
LDESP007,LINUX,Development,Spain,7
SSDEU019,SOLARIS,Staging,Germany,19
SDNOR004,SOLARIS,Development,Norway,4
ADITA001,AIX,Development,Italy,1
LIFRA004,LINUX,Integration,France,4
LSDEU021,LINUX,Staging,Germany,21
SIITA007,SOLARIS,Integration,Italy,7
HTDEU006,HP-UX,Testing,Germany,6
LSDEU022,LINUX,Staging,Germany,22
LTFRA005,LINUX,Testing,France,5
STITA012,SOLARIS,Testing,Italy,12
LSNOR007,LINUX,Staging,Norway,7
HSESP008,HP-UX,Staging,Spain,8
LSIRL037,LINUX,Staging,Ireland,37
APDEU019,AIX,Production,Germany,19
HTIRL010,HP-UX,Testing,Ireland,10
AIITA004,AIX,Integration,Italy,4
SDDEU009,SOLARIS,Development,Germany,9
AIESP004,AIX,Integration,Spain,4
STIRL021,SOLARIS,Testing,Ireland,21
SDIRL007,SOLARIS,Development,Ireland,7
HPIRL014,HP-UX,Production,Ireland,14
HSDEU008,HP-UX,Staging,Germany,8
HSESP009,HP-UX,Staging,Spain,9
LSESP019,LINUX,Staging,Spain,19
LTIRL031,LINUX,Testing,Ireland,31
LSDEU023,LINUX,Staging,Germany,23
SPITA013,SOLARIS,Production,Italy,13
LDIRL016,LINUX,Development,Ireland,16
HTDEU007,HP-UX,Testing,Germany,7
HPESP005,HP-UX,Production,Spain,5
SPIRL033,SOLARIS,Production,Ireland,33
LPITA014,LINUX,Production,Italy,14
LTITA011,LINUX,Testing,Italy,11
LPIRL044,LINUX,Production,Ireland,44
STITA013,SOLARIS,Testing,Italy,13
LDITA008,LINUX,Development,Italy,8
LIITA008,LINUX,Integration,Italy,8
LDITA009,LINUX,Development,Italy,9
SDNOR005,SOLARIS,Development,Norway,5
ASIRL017,AIX,Staging,Ireland,17
LDIRL017,LINUX,Development,Ireland,17
LPESP022,LINUX,Production,Spain,22
HPITA006,HP-UX,Production,Italy,6
ATITA005,AIX,Testing,Italy,5
LPIRL045,LINUX,Production,Ireland,45
LPNOR007,LINUX,Production,Norway,7
LSIRL038,LINUX,Staging,Ireland,38
SSITA009,SOLARIS,Staging,Italy,9
LSITA013,LINUX,Staging,Italy,13
APNOR006,AIX,Production,Norway,6
HDITA003,HP-UX,Development,Italy,3
LTITA012,LINUX,Testing,Italy,12
HIDEU005,HP-UX,Integration,Germany,5
STESP015,SOLARIS,Testing,Spain,15
LTIRL032,LINUX,Testing,Ireland,32
STDEU015,SOLARIS,Testing,Germany,15
SSESP011,SOLARIS,Staging,Spain,11
LSITA014,LINUX,Staging,Italy,14
ASDEU009,AIX,Staging,Germany,9
LSDEU024,LINUX,Staging,Germany,24
SPITA014,SOLARIS,Production,Italy,14
SPIRL034,SOLARIS,Production,Ireland,34
SPDEU019,SOLARIS,Production,Germany,19
ASDEU010,AIX,Staging,Germany,10
LTFRA006,LINUX,Testing,France,6
HTIRL011,HP-UX,Testing,Ireland,11
LSDEU025,LINUX,Staging,Germany,25
SPDEU020,SOLARIS,Production,Germany,20
STDEU016,SOLARIS,Testing,Germany,16
LSDEU026,LINUX,Staging,Germany,26
SPDEU021,SOLARIS,Production,Germany,21
SIIRL011,SOLARIS,Integration,Ireland,11
SDIRL008,SOLARIS,Development,Ireland,8
LTNOR007,LINUX,Testing,Norway,7
HDITA004,HP-UX,Development,Italy,4
APFRA008,AIX,Production,France,8
LPITA015,LINUX,Production,Italy,15
APIRL020,AIX,Production,Ireland,20
LSIRL039,LINUX,Staging,Ireland,39
STDEU017,SOLARIS,Testing,Germany,17
LSIRL040,LINUX,Staging,Ireland,40
ASESP006,AIX,Staging,Spain,6
LDDEU010,LINUX,Development,Germany,10
AINOR005,AIX,Integration,Norway,5
SIDEU012,SOLARIS,Integration,Germany,12
SSDEU020,SOLARIS,Staging,Germany,20
LSDEU027,LINUX,Staging,Germany,27
SPFRA009,SOLARIS,Production,France,9
LSIRL041,LINUX,Staging,Ireland,41
LDIRL018,LINUX,Development,Ireland,18
STFRA013,SOLARIS,Testing,France,13
SSIRL012,SOLARIS,Staging,Ireland,12
LSIRL042,LINUX,Staging,Ireland,42
SPDEU022,SOLARIS,Production,Germany,22
LPIRL046,LINUX,Production,Ireland,46
STDEU018,SOLARIS,Testing,Germany,18
LSIRL043,LINUX,Staging,Ireland,43
ATIRL018,AIX,Testing,Ireland,18
LPESP023,LINUX,Production,Spain,23
LSDEU028,LINUX,Staging,Germany,28
STDEU019,SOLARIS,Testing,Germany,19
SPNOR009,SOLARIS,Production,Norway,9
ASDEU011,AIX,Staging,Germany,11
STIRL022,SOLARIS,Testing,Ireland,22
LIITA009,LINUX,Integration,Italy,9
LPIRL047,LINUX,Production,Ireland,47
HPNOR003,HP-UX,Production,Norway,3
HTIRL012,HP-UX,Testing,Ireland,12
ATESP014,AIX,Testing,Spain,14
LSNOR008,LINUX,Staging,Norway,8
SSIRL013,SOLARIS,Staging,Ireland,13
SPESP015,SOLARIS,Production,Spain,15
LPDEU031,LINUX,Production,Germany,31
SSIRL014,SOLARIS,Staging,Ireland,14
LDDEU011,LINUX,Development,Germany,11
SPFRA010,SOLARIS,Production,France,10
APNOR007,AIX,Production,Norway,7
LSESP020,LINUX,Staging,Spain,20
ATFRA005,AIX,Testing,France,5
ATIRL019,AIX,Testing,Ireland,19
LTFRA007,LINUX,Testing,France,7
SPIRL035,SOLARIS,Production,Ireland,35
LPIRL048,LINUX,Production,Ireland,48
LINOR006,LINUX,Integration,Norway,6
SDITA005,SOLARIS,Development,Italy,5
LTDEU024,LINUX,Testing,Germany,24
SPIRL036,SOLARIS,Production,Ireland,36
LTNOR008,LINUX,Testing,Norway,8
SPITA015,SOLARIS,Production,Italy,15
HSIRL016,HP-UX,Staging,Ireland,16
HSDEU009,HP-UX,Staging,Germany,9
LPITA016,LINUX,Production,Italy,16
LSESP021,LINUX,Staging,Spain,21
SPDEU023,SOLARIS,Production,Germany,23
SPESP016,SOLARIS,Production,Spain,16
LTFRA008,LINUX,Testing,France,8
SPIRL037,SOLARIS,Production,Ireland,37
AIESP005,AIX,Integration,Spain,5
SIDEU013,SOLARIS,Integration,Germany,13
SSESP012,SOLARIS,Staging,Spain,12
SSITA010,SOLARIS,Staging,Italy,10
LIFRA005,LINUX,Integration,France,5
AIDEU006,AIX,Integration,Germany,6
LTDEU025,LINUX,Testing,Germany,25
LTDEU026,LINUX,Testing,Germany,26
SIIRL012,SOLARIS,Integration,Ireland,12
HSESP010,HP-UX,Staging,Spain,10
LTIRL033,LINUX,Testing,Ireland,33
SDESP007,SOLARIS,Development,Spain,7
LDIRL019,LINUX,Development,Ireland,19
LPESP024,LINUX,Production,Spain,24
SSESP013,SOLARIS,Staging,Spain,13
STIRL023,SOLARIS,Testing,Ireland,23
LTDEU027,LINUX,Testing,Germany,27
LTDEU028,LINUX,Testing,Germany,28
ASESP007,AIX,Staging,Spain,7
LTIRL034,LINUX,Testing,Ireland,34
LPIRL049,LINUX,Production,Ireland,49
ASESP008,AIX,Staging,Spain,8
STDEU020,SOLARIS,Testing,Germany,20
ATIRL020,AIX,Testing,Ireland,20
LTITA013,LINUX,Testing,Italy,13
SSIRL015,SOLARIS,Staging,Ireland,15
HDIRL006,HP-UX,Development,Ireland,6
LIIRL016,LINUX,Integration,Ireland,16
LPNOR008,LINUX,Production,Norway,8
LPDEU032,LINUX,Production,Germany,32
ASESP009,AIX,Staging,Spain,9
LSIRL044,LINUX,Staging,Ireland,44
APFRA009,AIX,Production,France,9
LPIRL050,LINUX,Production,Ireland,50
LSITA015,LINUX,Staging,Italy,15
SPESP017,SOLARIS,Production,Spain,17
LTESP021,LINUX,Testing,Spain,21
LTITA014,LINUX,Testing,Italy,14
ASDEU012,AIX,Staging,Germany,12
LTITA015,LINUX,Testing,Italy,15
LSIRL045,LINUX,Staging,Ireland,45
HDESP001,HP-UX,Development,Spain,1
ASNOR008,AIX,Staging,Norway,8
SSESP014,SOLARIS,Staging,Spain,14
SPNOR010,SOLARIS,Production,Norway,10
LPFRA014,LINUX,Production,France,14
APDEU020,AIX,Production,Germany,20
SSESP015,SOLARIS,Staging,Spain,15
LSIRL046,LINUX,Staging,Ireland,46
LIDEU012,LINUX,Integration,Germany,12
APITA007,AIX,Production,Italy,7
LSDEU029,LINUX,Staging,Germany,29
APESP011,AIX,Production,Spain,11
LPESP025,LINUX,Production,Spain,25
LDESP008,LINUX,Development,Spain,8
LPIRL051,LINUX,Production,Ireland,51
APDEU021,AIX,Production,Germany,21
LSIRL047,LINUX,Staging,Ireland,47
LDDEU012,LINUX,Development,Germany,12
LPIRL052,LINUX,Production,Ireland,52
SPDEU024,SOLARIS,Production,Germany,24
ATDEU010,AIX,Testing,Germany,10
APDEU022,AIX,Production,Germany,22
LPIRL053,LINUX,Production,Ireland,53
AIIRL006,AIX,Integration,Ireland,6
ATIRL021,AIX,Testing,Ireland,21
ASESP010,AIX,Staging,Spain,10
LIFRA006,LINUX,Integration,France,6
LTITA016,LINUX,Testing,Italy,16
LTNOR009,LINUX,Testing,Norway,9
ASITA006,AIX,Staging,Italy,6
SPDEU025,SOLARIS,Production,Germany,25
SPFRA011,SOLARIS,Production,France,11
ASIRL018,AIX,Staging,Ireland,18
ADESP003,AIX,Development,Spain,3
LSDEU030,LINUX,Staging,Germany,30
APITA008,AIX,Production,Italy,8
LTIRL035,LINUX,Testing,Ireland,35
LSIRL048,LINUX,Staging,Ireland,48
LSITA016,LINUX,Staging,Italy,16
SPIRL038,SOLARIS,Production,Ireland,38
SDESP008,SOLARIS,Development,Spain,8
LIIRL017,LINUX,Integration,Ireland,17
STIRL024,SOLARIS,Testing,Ireland,24
LPDEU033,LINUX,Production,Germany,33
LDDEU013,LINUX,Development,Germany,13
LPNOR009,LINUX,Production,Norway,9
LSESP022,LINUX,Staging,Spain,22
ATITA006,AIX,Testing,Italy,6
LPFRA015,LINUX,Production,France,15
LDFRA004,LINUX,Development,France,4
HIIRL004,HP-UX,Integration,Ireland,4
ADNOR003,AIX,Development,Norway,3
STIRL025,SOLARIS,Testing,Ireland,25
LTDEU029,LINUX,Testing,Germany,29
LPNOR010,LINUX,Production,Norway,10
STDEU021,SOLARIS,Testing,Germany,21
LIESP009,LINUX,Integration,Spain,9
LSFRA007,LINUX,Staging,France,7
SIFRA005,SOLARIS,Integration,France,5
STIRL026,SOLARIS,Testing,Ireland,26
LSFRA008,LINUX,Staging,France,8
LTITA017,LINUX,Testing,Italy,17
SPESP018,SOLARIS,Production,Spain,18
LPDEU034,LINUX,Production,Germany,34
SPESP019,SOLARIS,Production,Spain,19
LPIRL054,LINUX,Production,Ireland,54
APIRL021,AIX,Production,Ireland,21
LPDEU035,LINUX,Production,Germany,35
HDIRL007,HP-UX,Development,Ireland,7
LSITA017,LINUX,Staging,Italy,17
APDEU023,AIX,Production,Germany,23
STDEU022,SOLARIS,Testing,Germany,22
SSDEU021,SOLARIS,Staging,Germany,21
SPIRL039,SOLARIS,Production,Ireland,39
STNOR006,SOLARIS,Testing,Norway,6
SDITA006,SOLARIS,Development,Italy,6
HTFRA001,HP-UX,Testing,France,1
LDESP009,LINUX,Development,Spain,9
ATITA007,AIX,Testing,Italy,7
HPIRL015,HP-UX,Production,Ireland,15
LTDEU030,LINUX,Testing,Germany,30
LDESP010,LINUX,Development,Spain,10
SSITA011,SOLARIS,Staging,Italy,11
LPIRL055,LINUX,Production,Ireland,55
LSDEU031,LINUX,Staging,Germany,31
STIRL027,SOLARIS,Testing,Ireland,27
ATESP015,AIX,Testing,Spain,15
STNOR007,SOLARIS,Testing,Norway,7
SPDEU026,SOLARIS,Production,Germany,26
LSDEU032,LINUX,Staging,Germany,32
HSDEU010,HP-UX,Staging,Germany,10
HDIRL008,HP-UX,Development,Ireland,8
STESP016,SOLARIS,Testing,Spain,16
LPDEU036,LINUX,Production,Germany,36
SPIRL040,SOLARIS,Production,Ireland,40
LSESP023,LINUX,Staging,Spain,23
LPITA017,LINUX,Production,Italy,17
SDITA007,SOLARIS,Development,Italy,7
ATDEU011,AIX,Testing,Germany,11
ATDEU012,AIX,Testing,Germany,12
LPIRL056,LINUX,Production,Ireland,56
LIIRL018,LINUX,Integration,Ireland,18
HPITA007,HP-UX,Production,Italy,7
STITA014,SOLARIS,Testing,Italy,14
SPIRL041,SOLARIS,Production,Ireland,41
SPIRL042,SOLARIS,Production,Ireland,42
LTESP022,LINUX,Testing,Spain,22
LIIRL019,LINUX,Integration,Ireland,19
LSITA018,LINUX,Staging,Italy,18
LTFRA009,LINUX,Testing,France,9
LSIRL049,LINUX,Staging,Ireland,49
LSIRL050,LINUX,Staging,Ireland,50
LSFRA009,LINUX,Staging,France,9
ASDEU013,AIX,Staging,Germany,13
STDEU023,SOLARIS,Testing,Germany,23
LPNOR011,LINUX,Production,Norway,11
STIRL028,SOLARIS,Testing,Ireland,28
APIRL022,AIX,Production,Ireland,22
ATIRL022,AIX,Testing,Ireland,22
SSESP016,SOLARIS,Staging,Spain,16
SSITA012,SOLARIS,Staging,Italy,12
LSIRL051,LINUX,Staging,Ireland,51
LDESP011,LINUX,Development,Spain,11
LTDEU031,LINUX,Testing,Germany,31
LTESP023,LINUX,Testing,Spain,23
SPDEU027,SOLARIS,Production,Germany,27
SSESP017,SOLARIS,Staging,Spain,17
LSIRL052,LINUX,Staging,Ireland,52
HSESP011,HP-UX,Staging,Spain,11
LIIRL020,LINUX,Integration,Ireland,20
LPITA018,LINUX,Production,Italy,18
ATITA008,AIX,Testing,Italy,8
LTITA018,LINUX,Testing,Italy,18
LTIRL036,LINUX,Testing,Ireland,36
LDITA010,LINUX,Development,Italy,10
SPIRL043,SOLARIS,Production,Ireland,43
APDEU024,AIX,Production,Germany,24
SSNOR002,SOLARIS,Staging,Norway,2
LSIRL053,LINUX,Staging,Ireland,53
SDNOR006,SOLARIS,Development,Norway,6
LIDEU013,LINUX,Integration,Germany,13
STITA015,SOLARIS,Testing,Italy,15
LTITA019,LINUX,Testing,Italy,19
SPITA016,SOLARIS,Production,Italy,16
HTESP007,HP-UX,Testing,Spain,7
SPITA017,SOLARIS,Production,Italy,17
LSIRL054,LINUX,Staging,Ireland,54
LSDEU033,LINUX,Staging,Germany,33
LPESP026,LINUX,Production,Spain,26
ATFRA006,AIX,Testing,France,6
HPFRA005,HP-UX,Production,France,5
LSDEU034,LINUX,Staging,Germany,34
APIRL023,AIX,Production,Ireland,23
LSDEU035,LINUX,Staging,Germany,35
AIIRL007,AIX,Integration,Ireland,7
LTDEU032,LINUX,Testing,Germany,32
SPESP020,SOLARIS,Production,Spain,20
LPDEU037,LINUX,Production,Germany,37
LPDEU038,LINUX,Production,Germany,38
SSIRL016,SOLARIS,Staging,Ireland,16
LTDEU033,LINUX,Testing,Germany,33
LSITA019,LINUX,Staging,Italy,19
LTESP024,LINUX,Testing,Spain,24
LPITA019,LINUX,Production,Italy,19
LSESP024,LINUX,Staging,Spain,24
ATDEU013,AIX,Testing,Germany,13
LSDEU036,LINUX,Staging,Germany,36
SPITA018,SOLARIS,Production,Italy,18
STIRL029,SOLARIS,Testing,Ireland,29
SSDEU022,SOLARIS,Staging,Germany,22
LDDEU014,LINUX,Development,Germany,14
LPESP027,LINUX,Production,Spain,27
ATESP016,AIX,Testing,Spain,16
STNOR008,SOLARIS,Testing,Norway,8
STDEU024,SOLARIS,Testing,Germany,24
APITA009,AIX,Production,Italy,9
SSIRL017,SOLARIS,Staging,Ireland,17
STESP017,SOLARIS,Testing,Spain,17
LPDEU039,LINUX,Production,Germany,39
LSITA020,LINUX,Staging,Italy,20
LTNOR010,LINUX,Testing,Norway,10
HTIRL013,HP-UX,Testing,Ireland,13
SDESP009,SOLARIS,Development,Spain,9
LPITA020,LINUX,Production,Italy,20
ASDEU014,AIX,Staging,Germany,14
STIRL030,SOLARIS,Testing,Ireland,30
SSITA013,SOLARIS,Staging,Italy,13
LPDEU040,LINUX,Production,Germany,40
HIITA001,HP-UX,Integration,Italy,1
STIRL031,SOLARIS,Testing,Ireland,31
SPDEU028,SOLARIS,Production,Germany,28
ATDEU014,AIX,Testing,Germany,14
HSIRL017,HP-UX,Staging,Ireland,17
LTDEU034,LINUX,Testing,Germany,34
ASESP011,AIX,Staging,Spain,11
SSIRL018,SOLARIS,Staging,Ireland,18
SPIRL044,SOLARIS,Production,Ireland,44
ASIRL019,AIX,Staging,Ireland,19
LSESP025,LINUX,Staging,Spain,25
LPNOR012,LINUX,Production,Norway,12
HSESP012,HP-UX,Staging,Spain,12
LDDEU015,LINUX,Development,Germany,15
LPITA021,LINUX,Production,Italy,21
LPESP028,LINUX,Production,Spain,28
LPITA022,LINUX,Production,Italy,22
LDESP012,LINUX,Development,Spain,12
LTDEU035,LINUX,Testing,Germany,35
HSIRL018,HP-UX,Staging,Ireland,18
LSDEU037,LINUX,Staging,Germany,37
LDIRL020,LINUX,Development,Ireland,20
LPIRL057,LINUX,Production,Ireland,57
LDFRA005,LINUX,Development,France,5
SPIRL045,SOLARIS,Production,Ireland,45
ATESP017,AIX,Testing,Spain,17
SPITA019,SOLARIS,Production,Italy,19
LDDEU016,LINUX,Development,Germany,16
LDDEU017,LINUX,Development,Germany,17
ATIRL023,AIX,Testing,Ireland,23
SSIRL019,SOLARIS,Staging,Ireland,19
SSIRL020,SOLARIS,Staging,Ireland,20
HTITA004,HP-UX,Testing,Italy,4
LTDEU036,LINUX,Testing,Germany,36
LSESP026,LINUX,Staging,Spain,26
SPITA020,SOLARIS,Production,Italy,20
LPDEU041,LINUX,Production,Germany,41
SSITA014,SOLARIS,Staging,Italy,14
LPESP029,LINUX,Production,Spain,29
LDITA011,LINUX,Development,Italy,11
LIDEU014,LINUX,Integration,Germany,14
ATDEU015,AIX,Testing,Germany,15
SPDEU029,SOLARIS,Production,Germany,29
SPESP021,SOLARIS,Production,Spain,21
STFRA014,SOLARIS,Testing,France,14
LTIRL037,LINUX,Testing,Ireland,37
SPITA021,SOLARIS,Production,Italy,21
ASIRL020,AIX,Staging,Ireland,20
LPESP030,LINUX,Production,Spain,30
ASIRL021,AIX,Staging,Ireland,21
LTESP025,LINUX,Testing,Spain,25
HDIRL009,HP-UX,Development,Ireland,9
ATIRL024,AIX,Testing,Ireland,24
SPDEU030,SOLARIS,Production,Germany,30
SPIRL046,SOLARIS,Production,Ireland,46
LPIRL058,LINUX,Production,Ireland,58
LTITA020,LINUX,Testing,Italy,20
LSIRL055,LINUX,Staging,Ireland,55
SIIRL013,SOLARIS,Integration,Ireland,13
LSESP027,LINUX,Staging,Spain,27
HPESP006,HP-UX,Production,Spain,6
STIRL032,SOLARIS,Testing,Ireland,32
STIRL033,SOLARIS,Testing,Ireland,33
LTDEU037,LINUX,Testing,Germany,37
HSITA004,HP-UX,Staging,Italy,4
SPITA022,SOLARIS,Production,Italy,22
LSIRL056,LINUX,Staging,Ireland,56
ASDEU015,AIX,Staging,Germany,15
LPITA023,LINUX,Production,Italy,23
ASFRA005,AIX,Staging,France,5
LPESP031,LINUX,Production,Spain,31
SDIRL009,SOLARIS,Development,Ireland,9
LSITA021,LINUX,Staging,Italy,21
LTITA021,LINUX,Testing,Italy,21
LSITA022,LINUX,Staging,Italy,22
APDEU025,AIX,Production,Germany,25
APESP012,AIX,Production,Spain,12
LSDEU038,LINUX,Staging,Germany,38
LSIRL057,LINUX,Staging,Ireland,57
ADFRA006,AIX,Development,France,6
LDDEU018,LINUX,Development,Germany,18
SPESP022,SOLARIS,Production,Spain,22
LSITA023,LINUX,Staging,Italy,23
LPFRA016,LINUX,Production,France,16
SSIRL021,SOLARIS,Staging,Ireland,21
LTDEU038,LINUX,Testing,Germany,38
HSESP013,HP-UX,Staging,Spain,13
LTITA022,LINUX,Testing,Italy,22
LPIRL059,LINUX,Production,Ireland,59
LSESP028,LINUX,Staging,Spain,28
LSITA024,LINUX,Staging,Italy,24
SSITA015,SOLARIS,Staging,Italy,15
SDIRL010,SOLARIS,Development,Ireland,10
SPNOR011,SOLARIS,Production,Norway,11
LPIRL060,LINUX,Production,Ireland,60
STESP018,SOLARIS,Testing,Spain,18
LPIRL061,LINUX,Production,Ireland,61
HIITA002,HP-UX,Integration,Italy,2
HSDEU011,HP-UX,Staging,Germany,11
SSESP018,SOLARIS,Staging,Spain,18
ATIRL025,AIX,Testing,Ireland,25
ATESP018,AIX,Testing,Spain,18
LPIRL062,LINUX,Production,Ireland,62
LPDEU042,LINUX,Production,Germany,42
SDIRL011,SOLARIS,Development,Ireland,11
LSFRA010,LINUX,Staging,France,10
STIRL034,SOLARIS,Testing,Ireland,34
LTIRL038,LINUX,Testing,Ireland,38
LDDEU019,LINUX,Development,Germany,19
HTESP008,HP-UX,Testing,Spain,8
ATESP019,AIX,Testing,Spain,19
HIIRL005,HP-UX,Integration,Ireland,5
STIRL035,SOLARIS,Testing,Ireland,35
STIRL036,SOLARIS,Testing,Ireland,36
AIITA005,AIX,Integration,Italy,5
LTNOR011,LINUX,Testing,Norway,11
SSIRL022,SOLARIS,Staging,Ireland,22
LPIRL063,LINUX,Production,Ireland,63
HSITA005,HP-UX,Staging,Italy,5
SSFRA007,SOLARIS,Staging,France,7
ASIRL022,AIX,Staging,Ireland,22
STNOR009,SOLARIS,Testing,Norway,9
AIIRL008,AIX,Integration,Ireland,8
ASIRL023,AIX,Staging,Ireland,23
LTESP026,LINUX,Testing,Spain,26
